chr	start	end	name	tree.mean.ratio	tree.t.stat	tree.t.pval	one.snip.metric	pca.mean.ratio	pca.t.stat	pca.t.pval	pcaPCgt10
PGA_scaffold1__174_contigs__length_36745115	5500001	6500001	scaffold1_12	0.8082568564653183	10.6347697751939	7.204833113917587e-24	1	0.7745144503879149	7.888913521086572	2.1807944602686354e-14	2
PGA_scaffold1__174_contigs__length_36745115	33000001	34000001	scaffold1_67	1.0206749349741258	-3.1099904675821204	0.0019466325150133597	0.21285714285714286	1.2316987749140726	-3.9373610436604656	9.167622134212573e-5	0
